,type,title,country,release_year,rating,duration
0,Movie,Norm of the ...,United States,missing,PG,91.071
1,Movie,Jandino: Wha...,United Kingdom,2016,R,94.516
2,TV Show,Transformers...,United States,2013,G,1.127
3,TV Show,Transformers...,United States,2016,TV-14,1.6869999999999998
4,Movie,#realityhigh...,United States,2017,TV-14,99.24799999999999
5,TV Show,Apaches...,Spain,2016,R,1.2429999999999999
6,Movie,Automata...,Bulgaria,2014,R,111.14399999999999
7,Movie,Fabrizio Cop...,Chile,2017,R,60.676
8,TV Show,Fire Chasers...,United States,2017,R,1.109
9,Movie,Good People...,United States,2014,R,90.881
10,Movie,Joaquín Reye...,,2017,R,78.285
11,Movie,Kidnapping M...,Netherlands,2015,R,96.21
12,Movie,Krish Trish ...,,2009,TV-14,58.97
13,Movie,Krish Trish ...,,2013,TV-14,62.964
14,Movie,Krish Trish ...,,2016,G,66.137
15,Movie,Krish Trish ...,,2012,TV-14,62.148
16,Movie,Krish Trish ...,,2017,TV-14,65.373
17,Movie,Krish Trish ...,,2010,TV-14,58.27
18,Movie,Krish Trish ...,,2013,TV-14,60.15
19,Movie,Love...,France,2015,R,135.856
20,Movie,Manhattan Ro...,United States,2014,TV-14,98.545
21,Movie,Moonwalkers...,France,2015,R,96.973
22,Movie,Rolling Pape...,United States,2015,R,79.285
23,Movie,Stonehearst ...,United States,2014,PG-13,113.88600000000001
24,Movie,The Runner...,United States,2015,R,91.118
25,Movie,6 Years...,United States,2015,R,80.916
26,TV Show,Castle of St...,,2015,TV-14,1.3430000000000002
27,Movie,City of Joy...,United States,2018,R,77.36
28,TV Show,First and La...,,2018,R,1.867
29,Movie,Laddaland...,Thailand,2011,R,112.559
30,Movie,Next Gen...,China,2018,PG,106.229
31,Movie,Sierra Burge...,United States,2018,PG-13,106.26700000000001
32,Movie,The Most Ass...,Belgium,2018,R,103.23299999999999
33,Movie,Cézanne et m...,Belgium,2016,R,114.45100000000001
34,TV Show,Archibald's ...,,2019,TV-14,1.631
35,Movie,Article 15...,India,2019,R,126.025
36,Movie,Care of Kanc...,,2018,TV-14,142.04
37,Movie,Ee Nagaranik...,India,2018,TV-14,134.02200000000002
38,Movie,Kill Me If Y...,,2019,TV-14,100.875
39,TV Show,The Spy...,France,2019,R,1.6469999999999998
40,Movie,Hell and Bac...,United States,2015,R,87.132
41,Movie,PK...,India,2014,TV-14,146.486
42,Movie,Hard Tide...,United Kingdom,2015,R,79.734
43,Movie,Elstree 1976...,United Kingdom,2015,PG,102.14399999999999
44,Movie,American Fac...,,2019,G,10.609000000000002
45,Movie,ATM...,United States,2012,TV-14,122.193
46,Movie,Bangkok Traf...,Thailand,2009,TV-14,126.314
47,Movie,I Fine... Th...,Thailand,2014,TV-14,117.00299999999999
48,Movie,One Day...,Thailand,2016,PG,135.704
49,Movie,Phobia 2...,Thailand,2009,R,125.51299999999999
50,Movie,Shutter...,Thailand,2004,R,96.76799999999999
51,Movie,Suckseed...,Thailand,2011,R,130.701
52,Movie,Carrie Pilby...,United States,2016,TV-14,98.95200000000001
53,Movie,Marc Maron: ...,United States,2017,R,70.454
54,TV Show,No Tomorrow...,United States,2016,TV-14,1.814
55,Movie,Saawan...,Pakistan,2016,TV-14,128.138
56,Movie,The Heretics...,Canada,2017,R,89.07
57,Movie,The World We...,United States,2019,PG,108.34700000000001
58,Movie,Watchman...,India,2019,TV-14,93.854
59,Movie,Black Panthe...,United States,2018,PG-13,135.05700000000002
60,Movie,Man Up...,United Kingdom,2015,R,88.522
61,TV Show,Frequency...,United States,2016,TV-14,2.0
62,Movie,Mo Gilligan:...,United Kingdom,2019,R,64.23100000000001
63,TV Show,Adam Ruins E...,United States,2018,TV-14,1.555
64,TV Show,Ben 10...,United States,2016,TV-14,2.079
65,Movie,Big Miracle...,United States,2012,PG,107.2
66,TV Show,Christiane A...,United States,2018,R,1.765
67,TV Show,The Eighties...,United States,2016,PG,1.516
68,TV Show,The Nineties...,United States,2017,TV-14,2.066
69,TV Show,The Seventie...,United States,2015,PG,1.588
70,TV Show,We Bare Bear...,United States,2017,TV-14,1.179
71,Movie,The Mayor...,South Korea,2017,R,131.156
72,TV Show,The Royal Ho...,United Kingdom,2017,TV-14,1.208
73,Movie,Amanda Knox...,Denmark,2016,R,92.93
74,TV Show,Lovesick...,,2014,TV-14,1.679
75,Movie,The Debt Col...,United Kingdom,2018,R,96.134
76,Movie,Act of Venge...,Turkey,2010,R,112.84299999999999
77,Movie,Paradise Los...,Brazil,2018,R,111.17299999999999
78,Movie,Gerald's Gam...,United States,2017,R,103.685
79,Movie,Long Shot...,United States,2017,TV-14,40.115
80,TV Show,Mak Cun...,,2015,PG,1.787
81,Movie,Our Souls at...,United States,2017,TV-14,103.76100000000001
82,Movie,Out of Thin ...,,2017,TV-14,85.745
83,TV Show,Paul Hollywo...,United Kingdom,2017,TV-14,2.202
84,TV Show,Satu Hari...,,2014,TV-14,1.995
85,Movie,Monster High...,United States,2015,TV-14,72.555
86,Movie,Cultivating ...,,2019,G,45.015
87,Movie,Domino...,Denmark,2019,R,89.74600000000001
88,Movie,TUNA GIRL...,,2019,PG,90.795
89,Movie,5CM...,Indonesia,2012,TV-14,126.395
90,Movie,Animal World...,China,2018,R,130.286
91,Movie,Hold the Dar...,United States,2018,R,126.973
92,Movie,Lessons from...,United States,2018,PG,24.221999999999998
93,TV Show,Made in Mexi...,United States,2018,R,1.368
94,Movie,Single...,Indonesia,2015,PG,127.104
95,Movie,The 3rd Eye...,Indonesia,2018,R,109.027
96,Movie,The Sinking ...,Indonesia,2013,TV-14,164.21400000000003
97,Movie,Two Cataloni...,Spain,2018,R,117.744
98,Movie,Bobby Sands:...,Ireland,2016,TV-14,106.965
99,TV Show,Bard of Bloo...,India,2019,R,1.263
100,Movie,Deliha 2...,Turkey,2018,PG,102.098
101,TV Show,Dragons: Res...,,2019,G,1.044
102,Movie,In the Shado...,United States,2019,R,117.24
103,TV Show,Skylines...,,2019,R,1.715
104,Movie,Sturgill Sim...,United States,2019,R,42.501999999999995
105,TV Show,The Politici...,United States,2019,TV-14,1.709
106,Movie,Weeds on Fir...,Hong Kong,2016,TV-14,95.90799999999999
107,Movie,Much Loved...,France,2015,R,104.223
108,Movie,Joseph: King...,United States,2000,PG,75.105
109,Movie,Malaal...,India,2019,TV-14,133.431
110,Movie,The Grandmas...,Hong Kong,2013,PG-13,108.89299999999999
111,TV Show,The Inmate...,Mexico,2018,R,2.079
112,Movie,The Hurrican...,United States,2018,PG-13,103.02799999999999
113,Movie,Def Comedy J...,United States,2017,R,82.50399999999999
114,Movie,Restless Cre...,United States,2016,R,94.046
115,Movie,Print the Le...,United States,2014,TV-14,100.73
116,Movie,Birders...,United States,2019,G,38.922
117,Movie,Furie...,Vietnam,2019,R,97.21
118,Movie,Leap!...,France,2016,PG,89.09200000000001
119,Movie,Oh! Baby (Ma...,India,2019,TV-14,146.599
120,Movie,Oh! Baby (Ta...,India,2019,TV-14,146.585
121,Movie,USS Indianap...,United States,2016,R,130.072
122,Movie,A Wrinkle in...,United States,2018,PG,110.07700000000001
123,Movie,Teach Us All...,United States,2017,TV-14,81.07300000000001
124,Movie,White Island...,United Kingdom,2016,R,91.613
125,Movie,Inside Man: ...,United States,2019,R,106.97399999999999
126,Movie,Jeff Dunham:...,United States,2019,R,58.089
127,Movie,China Salesm...,China,2017,R,111.383
128,Movie,Swearnet: Th...,Canada,2014,R,113.11399999999999
129,Movie,The Bar...,Spain,2017,R,103.249
130,Movie,Manmadhudu 2...,India,2019,R,152.946
131,TV Show,Team Kaylie...,,2019,PG,1.8430000000000002
132,Movie,Under the Ei...,United States,2018,R,87.23200000000001
133,Movie,Audrie & Dai...,United States,2016,TV-14,99.10600000000001
134,Movie,Iliza Shlesi...,United States,2016,R,78.75
135,TV Show,BONDING...,United States,2019,R,1.569
136,Movie,Do Paise Ki ...,India,2009,TV-14,121.395
137,Movie,20 Feet From...,United States,2013,PG-13,92.056
138,Movie,In Darkness...,United Kingdom,2018,R,101.294
139,Movie,Gaga: Five F...,United States,2017,R,101.743
140,Movie,The Bad Batc...,United States,2016,R,119.476
141,Movie,SMOSH: The M...,United States,2015,PG-13,83.376
142,Movie,King of Boys...,Nigeria,2018,R,182.55700000000002
143,Movie,Merry Men: T...,Nigeria,2018,R,106.781
144,Movie,Sarah's Key...,France,2010,PG-13,102.751
145,Movie,The Wedding ...,Nigeria,2017,TV-14,98.738
146,TV Show,Vagabond...,South Korea,2019,R,1.79
147,TV Show,Battlefish...,,2018,R,2.051
148,TV Show,DRAGON PILOT...,Japan,2018,TV-14,2.033
149,TV Show,Hilda...,United Kingdom,2018,TV-14,1.11
150,TV Show,Maniac...,United States,2018,R,1.47
151,Movie,Quincy...,United States,2018,R,124.941
152,Movie,Rafinha Bast...,Brazil,2018,R,64.061
153,TV Show,The Good Cop...,United States,2018,PG,1.831
154,Movie,Between Two ...,United States,2019,R,84.116
155,TV Show,Criminal: Fr...,,2019,R,1.325
156,TV Show,Criminal: Ge...,,2019,R,1.891
157,TV Show,Criminal: Sp...,,2019,R,2.133
158,TV Show,Criminal: UK...,United Kingdom,2019,R,2.194
159,Movie,Daddy Issues...,United States,2019,R,82.079
160,TV Show,Inside Bill'...,United States,2019,TV-14,2.097
161,TV Show,The Hockey G...,Spain,2019,R,1.791
162,Movie,Travel Mates...,Turkey,2018,TV-14,111.266
163,Movie,True: Tricky...,Canada,2019,G,24.935
164,TV Show,Two Sentence...,United States,2019,TV-14,1.42
165,Movie,Mad World...,Hong Kong,2016,R,102.387
166,TV Show,Mobile Suit ...,Japan,2014,TV-14,1.597
167,Movie,The Bund...,Hong Kong,1983,TV-14,104.035
168,Movie,The First Li...,United States,2014,TV-14,87.742
169,Movie,Maynard...,United States,2017,PG,100.42399999999999
170,TV Show,Monkey Twins...,Thailand,2018,R,2.024
171,Movie,Bitcoin Heis...,Vietnam,2016,TV-14,117.22
172,Movie,I Am Not Mad...,China,2016,TV-14,139.441
173,Movie,Vincent N Ro...,United States,2016,R,102.171
174,TV Show,Chef's Table...,,2016,TV-14,2.141
175,TV Show,Kulipari: An...,United States,2016,G,1.3659999999999999
176,Movie,Miss Julie...,Norway,2014,PG-13,131.17700000000002
177,Movie,Kabir Singh...,India,2019,R,171.343
178,Movie,Océans...,France,2009,G,84.615
179,Movie,The Endless...,United States,2017,R,112.085
180,TV Show,Transformers...,Canada,2016,TV-14,1.591
181,Movie,Jerry Before...,United States,2017,TV-14,62.325
182,TV Show,Manhunt...,United States,2017,TV-14,1.9069999999999998
183,Movie,Karol Modzel...,,2016,R,65.3
184,Movie,Katarzyna Pi...,,2016,R,65.376
185,Movie,Mariusz Kała...,,2016,R,69.604
186,Movie,"Rafał Banaś,...",,2016,R,65.101
187,Movie,The Best of ...,,2016,R,63.773
188,Movie,Tomasz Jachi...,,2016,R,63.788999999999994
189,Movie,Come and Fin...,Canada,2016,R,112.34299999999999
190,TV Show,When the Cam...,South Korea,2019,TV-14,1.425
191,Movie,Class Rank...,United States,2018,TV-14,104.18799999999999
192,Movie,Barbie Dolph...,United States,2017,G,64.218
193,TV Show,Forget Me No...,United Kingdom,2011,R,1.238
194,TV Show,The Beat...,,2012,PG,1.2790000000000001
195,TV Show,Timeless Sea...,,2009,TV-14,1.5130000000000001
196,Movie,Keith Richar...,United States,2015,PG,82.257
197,Movie,A Haunting a...,United States,2019,TV-14,81.218
198,TV Show,Ancient Alie...,United States,2010,PG,1.1
199,Movie,Avengement...,United Kingdom,2019,R,88.462
200,Movie,Clive Davis:...,United States,2017,TV-14,124.787
201,Movie,Five Element...,Hong Kong,1982,R,104.072
202,Movie,Sebastian Ma...,United States,2012,TV-14,77.109
203,TV Show,The Last Kid...,United States,2019,G,1.5030000000000001
204,Movie,The Witch...,United Kingdom,2015,R,92.819
205,TV Show,Click for Mu...,United Kingdom,2017,TV-14,1.964
206,Movie,I Am Wrath...,United States,2016,R,92.22399999999999
207,Movie,"As Above, So...",United States,2014,R,93.494
208,Movie,Scott Pilgri...,United States,2010,PG-13,112.314
209,Movie,ARQ...,Canada,2016,R,89.02600000000001
210,Movie,Cedric the E...,United States,2016,R,60.585
211,Movie,Louis C.K.: ...,United States,2010,,84.448
212,Movie,Raiders!: Th...,United States,2015,R,93.344
213,Movie,The White He...,United Kingdom,2016,TV-14,41.568000000000005
214,TV Show,America's Bo...,United States,2014,TV-14,1.325
215,TV Show,Bakugan: Bat...,Japan,2018,PG,1.5019999999999998
216,TV Show,Cold Case Fi...,United States,2017,TV-14,1.067
217,Movie,Los Tigres d...,United States,2019,PG,64.805
218,TV Show,Pawn Stars...,United States,2010,PG,1.456
219,Movie,Steal a Penc...,United States,2006,TV-14,95.102
220,TV Show,Surviving R....,United States,2019,R,1.2830000000000001
221,TV Show,The Curse of...,United States,2014,PG,2.177
222,Movie,The Outsider...,United States,2019,R,86.208
223,TV Show,The Rap Game...,United States,2016,TV-14,1.735
224,TV Show,The Universe...,United States,2009,PG,1.78
225,TV Show,Al Hayba...,Lebanon,2017,TV-14,1.197
226,Movie,Arisan 2...,Indonesia,2011,TV-14,113.499
227,TV Show,Cabins in th...,United Kingdom,2017,PG,1.02
228,Movie,Cardboard Ga...,Ireland,2016,R,92.22200000000001
229,Movie,Eeda...,India,2018,TV-14,153.403
230,Movie,Galih dan Ra...,Indonesia,2017,PG,111.395
231,Movie,Gie...,Indonesia,2005,TV-14,141.222
232,Movie,​Goli Soda 2...,India,2018,R,128.064
233,TV Show,How to Live ...,,2018,TV-14,1.4269999999999998
234,TV Show,Inside The F...,United Kingdom,2017,TV-14,1.643
235,Movie,Jugaad...,,2017,TV-14,52.693000000000005
236,Movie,​Maj Rati ​​...,India,2017,TV-14,117.715
237,Movie,​Mayurakshi...,India,2017,TV-14,101.0
238,Movie,Red Oleander...,India,2017,TV-14,112.57
239,Movie,Samantaral...,India,2017,R,111.126
240,Movie,The Secret...,,2018,R,98.515
241,Movie,First They K...,Cambodia,2017,R,137.49200000000002
242,Movie,Gagarin: Fir...,Russia,2013,TV-14,108.809
243,Movie,Janaan...,Pakistan,2016,TV-14,132.284
244,Movie,Larceny...,United States,2017,TV-14,87.292
245,Movie,Rumble...,Mexico,2016,R,92.89
246,Movie,Strong Islan...,United States,2017,R,109.021
247,TV Show,The Five...,United Kingdom,2016,R,1.994
248,Movie,Natural Born...,United States,2016,R,91.671
249,Movie,Sample This...,United States,2012,TV-14,83.525
250,TV Show,Wartime Port...,Poland,2014,R,1.52
251,Movie,Cowspiracy: ...,United States,2014,R,90.26
252,Movie,Oh! Baby...,India,2019,TV-14,157.186
253,Movie,The Crystal ...,United States,2019,PG,83.556
254,Movie,We Have Alwa...,United States,2018,TV-14,95.05799999999999
255,Movie,Bangkok Hell...,Thailand,2002,R,107.527
256,TV Show,Behind the N...,,2015,TV-14,1.807
257,Movie,Bleach...,Japan,2018,TV-14,109.40100000000001
258,TV Show,Boca Juniors...,,2018,PG,1.9680000000000002
259,TV Show,Car Masters:...,,2018,PG,1.5230000000000001
260,TV Show,Norm Macdona...,United States,2018,R,1.013
261,Movie,Still...,Thailand,2010,R,100.34299999999999
262,TV Show,Super Monste...,,2018,G,2.165
263,Movie,The Angel...,Israel,2018,R,114.581
264,Movie,The Land of ...,United States,2018,R,99.055
265,TV Show,The Rise of ...,China,2018,TV-14,1.896
266,Movie,American War...,United States,2019,R,106.98700000000001
267,Movie,Deviant Love...,United States,2019,TV-14,87.677
268,Movie,Head Count...,United States,2018,R,90.66799999999999
269,Movie,"Hello, Privi...",United States,2019,R,65.39399999999999
270,TV Show,Kabaneri of ...,,2019,R,1.3980000000000001
271,Movie,Locked on Yo...,Turkey,2018,TV-14,105.969
272,TV Show,Marianne...,France,2019,R,1.8559999999999999
273,TV Show,Monarca...,Mexico,2019,R,2.162
274,Movie,Shanghai For...,China,2019,TV-14,107.34700000000001
275,Movie,Tall Girl...,United States,2019,PG,103.169
276,Movie,Time Trap...,United States,2018,TV-14,88.251
277,TV Show,Top Boy...,United Kingdom,2019,R,2.2230000000000003
278,TV Show,Unbelievable...,United States,2019,R,1.351
279,Movie,Reversing Ro...,United States,2018,TV-14,100.82600000000001
280,Movie,Ghost of the...,United States,2017,G,78.816
281,Movie,Extremis...,United States,2016,PG,25.353
282,TV Show,The I-Land...,United States,2019,R,1.726
283,TV Show,"The Mind, Ex...",United States,2019,TV-14,1.05
284,Movie,Turbo...,United States,2013,PG,96.67399999999999
285,TV Show,Life...,South Korea,2018,R,1.069
286,Movie,On My Skin...,Italy,2018,R,100.601
287,Movie,Heroin(e)...,United States,2017,TV-14,40.583
288,Movie,Jeff Dunham:...,United States,2017,R,71.023
289,TV Show,Daniel Sloss...,United States,2018,R,1.7309999999999999
290,TV Show,If I were an...,,2018,G,1.594
291,Movie,The Resistan...,Netherlands,2018,R,123.52799999999999
292,Movie,The Forgotte...,United Kingdom,2014,R,89.595
293,Movie,Bill Burr: P...,United States,2019,R,67.544
294,Movie,Eat Pray Lov...,United States,2010,PG-13,141.173
295,Movie,Evelyn...,,2019,R,96.54799999999999
296,Movie,Our Godfathe...,United Kingdom,2019,R,93.72
297,TV Show,Terrace Hous...,,2019,R,1.849
298,Movie,"My Teacher, ...",United States,2018,TV-14,86.3
299,Movie,68 Kill...,United States,2017,R,96.258
300,Movie,American Psy...,United States,2000,R,102.53
301,Movie,Dante's Peak...,United States,1997,PG-13,109.111
302,Movie,Elena...,Brazil,2012,TV-14,81.414
303,Movie,First Kill...,United Kingdom,2017,R,102.944
304,Movie,For the Bird...,United States,2018,R,93.464
305,Movie,Igor...,United States,2008,PG,87.959
306,Movie,Just Friends...,Germany,2005,PG-13,94.057
307,TV Show,Loo Loo Kids...,,2016,G,2.125
308,Movie,Mokalik (Mec...,Nigeria,2019,TV-14,100.31700000000001
309,Movie,Mr. Woodcock...,United States,2007,PG-13,89.116
310,Movie,My Sister's ...,United States,2009,PG-13,109.632
311,Movie,Mystic River...,United States,2003,R,138.019
312,Movie,Oct-01...,Nigeria,2014,R,150.019
313,Movie,Olmo & the S...,Denmark,2014,R,82.999
314,Movie,Open Season...,United States,2006,PG,86.03299999999999
315,Movie,Phone Swap...,Nigeria,2012,TV-14,112.45700000000001
316,Movie,Poseidon...,United States,2006,PG-13,99.229
317,Movie,Rachel Getti...,United States,2008,R,113.52
318,TV Show,Serial Kille...,United Kingdom,2018,TV-14,1.7519999999999998
319,Movie,Spookley the...,United States,2004,G,48.023
320,Movie,Stripes...,United States,1981,R,106.713
321,Movie,Superbad...,United States,2007,R,113.76700000000001
322,Movie,The Bridge...,Nigeria,2017,TV-14,119.505
323,Movie,The CEO...,Nigeria,2016,TV-14,109.913
324,Movie,The Lake Hou...,United States,2006,PG,98.397
325,Movie,The Last Exo...,France,2010,PG-13,89.12200000000001
326,Movie,The Saint...,United States,1997,PG-13,116.376
327,Movie,The Taking o...,United States,2009,R,107.08
328,TV Show,Transformers...,United States,2019,G,2.093
329,TV Show,Transformers...,,2018,TV-14,1.86
330,Movie,Uncle Naji i...,United Arab Emirates,2019,TV-14,95.43299999999999
331,Movie,Used Goods...,Egypt,2018,R,95.167
332,Movie,You Don't Me...,United States,2008,UNRATED,114.14299999999999
333,TV Show,Age of Rebel...,Taiwan,2018,R,2.121
334,Movie,Barça Dreams...,Spain,2015,TV-14,122.01799999999999
335,Movie,Brick...,United States,2005,R,110.51799999999999
336,Movie,Carbon...,France,2017,R,104.75
337,Movie,Delirium...,United States,2018,R,97.06200000000001
338,Movie,Garbage...,India,2018,R,109.71
339,Movie,Hope Aur Hum...,India,2018,TV-14,96.24
340,Movie,​​Kuch Bheeg...,India,2018,TV-14,110.06299999999999
341,Movie,Love and Shu...,India,2017,R,110.52600000000001
342,Movie,Murder Party...,United States,2007,R,79.236
343,Movie,Once Again...,India,2018,PG,101.507
344,Movie,Pee Mak...,Thailand,2013,R,112.824
345,TV Show,Sisters...,Australia,2018,R,1.5730000000000002
346,Movie,Solo Con Tu ...,Mexico,1991,R,94.414
347,Movie,Sparring...,France,2017,TV-14,94.365
348,Movie,Stephanie...,United States,2017,R,87.141
349,Movie,Terrifier...,United States,2017,R,84.662
350,Movie,The Keeping ...,United States,2017,PG-13,95.786
351,Movie,The Perfect ...,,2018,TV-14,93.405
352,Movie,The Promise...,Thailand,2017,R,113.421
353,Movie,The River Wi...,United States,1994,PG-13,111.475
354,TV Show,The Road to ...,Russia,2017,TV-14,2.046
355,Movie,최강전사 미니특공대 :...,,2018,G,68.736
356,TV Show,A Boy Name F...,Taiwan,2017,R,1.725
357,TV Show,A House of B...,,2017,R,1.511
358,Movie,Aakhri Adaal...,India,1988,TV-14,148.05100000000002
359,Movie,"Alias JJ, la...",,2017,TV-14,54.034
360,TV Show,All About Lo...,Taiwan,2017,TV-14,1.268
361,Movie,Berserk: The...,Japan,2012,R,92.758
362,Movie,Berserk: The...,Japan,2013,R,107.065
363,Movie,Brother's Sh...,United States,2006,TV-14,90.29299999999999
364,Movie,Chadi Jawani...,India,1976,PG,135.925
365,Movie,Concrete Foo...,Czech Republic,2016,R,52.948
366,Movie,Ek Jaan Hain...,India,1983,TV-14,152.031
367,TV Show,FINAL FANTAS...,Japan,2017,PG,2.144
368,TV Show,Gurren Lagan...,Japan,2007,TV-14,1.944
369,TV Show,High Risk...,United States,1988,G,1.774
370,Movie,Incorruptibl...,United States,2015,R,91.023
371,Movie,Inuyasha the...,Japan,2004,R,89.052
372,Movie,Inuyasha the...,Japan,2003,R,99.50200000000001
373,Movie,InuYasha: Th...,Japan,2002,R,99.272
374,Movie,Khoon Khoon...,India,1973,TV-14,132.976
375,TV Show,LEGO Elves: ...,United States,2017,TV-14,1.045
376,Movie,Little Evil...,United States,2017,R,96.213
377,Movie,Lorai: Play ...,India,2015,TV-14,155.99200000000002
378,TV Show,Maniac...,Norway,2015,R,1.46
379,Movie,Manoranjan...,India,1974,TV-14,162.52700000000002
380,Movie,Mujrim...,India,1989,TV-14,163.27
381,Movie,Naruto Shipp...,Japan,2011,TV-14,103.101
382,Movie,Naruto Shipp...,Japan,2009,TV-14,96.87299999999999
383,Movie,Naruto Shipp...,Japan,2010,TV-14,85.419
384,Movie,Naruto the M...,Japan,2005,R,97.98100000000001
385,Movie,Naruto the M...,Japan,2006,R,95.68799999999999
386,Movie,Naruto the M...,Japan,2004,R,83.539
387,Movie,Offline - Da...,Germany,2016,R,89.66799999999999
388,Movie,Resurface...,United States,2017,R,28.48
389,Movie,Rocco...,France,2016,R,103.234
390,Movie,She's Gotta ...,United States,1986,R,85.1
391,Movie,Sohni Mahiwa...,India,1984,PG,160.394
392,Movie,The Distingu...,Argentina,2016,R,113.085
393,Movie,The Drowning...,United States,2016,R,99.88600000000001
394,Movie,The Guardian...,China,2016,G,86.875
395,Movie,The Last Sha...,United Kingdom,2016,R,83.495
396,Movie,The Lost Bro...,Argentina,2017,R,113.229
397,TV Show,Tip the Mous...,Germany,2014,G,1.574
398,Movie,Todo Sobre E...,Argentina,2016,TV-14,86.569
399,Movie,Who the F**k...,United States,2017,R,78.245
400,Movie,A Noble Inte...,Netherlands,2015,R,112.09700000000001
401,Movie,Bon Bini Hol...,Netherlands,2015,TV-14,89.115
402,TV Show,Conspiracy...,United Kingdom,2015,TV-14,1.871
403,TV Show,Dead Set...,United Kingdom,2008,R,1.151
404,Movie,Dukhtar...,Pakistan,2014,TV-14,93.117
405,TV Show,Easy Fortune...,Taiwan,2009,TV-14,1.2790000000000001
406,Movie,Figaro Pho...,United Kingdom,2008,TV-14,29.671999999999997
407,Movie,Full Out...,Canada,2015,PG,88.376
408,TV Show,Game Winning...,Taiwan,2009,PG,1.5330000000000001
409,Movie,Holy Hell...,United States,2016,R,103.539
410,TV Show,Lucky Days...,China,2010,TV-14,1.4780000000000002
411,Movie,Off Course...,Spain,2015,R,107.009
412,Movie,Saudi Arabia...,United Kingdom,2016,TV-14,52.485
413,TV Show,Station Hori...,Switzerland,2015,R,1.69
414,TV Show,The Fierce W...,Taiwan,2010,TV-14,1.516
415,TV Show,The Womanize...,China,2010,PG,1.734
416,TV Show,The Year of ...,Taiwan,2009,TV-14,1.035
417,Movie,We Need to T...,Spain,2016,R,91.038
418,TV Show,Witches: A C...,United Kingdom,2015,TV-14,1.107
419,Movie,Iliza Shlesi...,United States,2013,R,75.07
420,Movie,After...,United States,2019,PG-13,106.54700000000001
421,Movie,Home Is Wher...,United States,2019,TV-14,87.87200000000001
422,TV Show,Rhythm + Flo...,United States,2019,R,1.276
423,Movie,Garuda Di Da...,Indonesia,2009,PG,96.448
424,Movie,Mo Amer: The...,United States,2018,R,57.97
425,Movie,Surat Dari P...,Indonesia,2016,TV-14,99.15
426,Movie,Winter on Fi...,United Kingdom,2015,R,99.19
427,Movie,Deon Cole: C...,United States,2019,R,70.579
428,Movie,The Spooky T...,United States,2019,TV-14,47.144
429,Movie,Pulang...,Malaysia,2018,TV-14,120.219
430,Movie,The Water Di...,Australia,2014,R,111.661
431,Movie,Chris Brown:...,United States,2017,R,80.319
432,Movie,13TH...,United States,2016,R,101.321
433,Movie,Russell Pete...,United States,2016,R,73.203
434,TV Show,StoryBots Su...,United States,2016,G,1.4040000000000001
435,Movie,The Siege of...,Ireland,2016,R,108.944
436,Movie,Love for Sal...,Indonesia,2018,TV-14,101.45100000000001
437,Movie,Jackpot...,Vietnam,2015,TV-14,92.366
438,Movie,Seven in Hea...,United States,2018,PG-13,95.038
439,TV Show,ID-0...,Japan,2017,TV-14,1.12
440,Movie,Kung Fu Yoga...,China,2017,PG,108.041
441,Movie,The Death an...,United States,2017,R,106.854
442,TV Show,Legend Quest...,Mexico,2019,TV-14,1.754
443,TV Show,My Country: ...,South Korea,2019,TV-14,1.335
444,Movie,Noblemen...,India,2019,R,109.40299999999999
445,Movie,Cahaya Dari ...,Indonesia,2014,TV-14,152.003
446,TV Show,Dancing Quee...,,2018,TV-14,1.265
447,Movie,Emma' (Mothe...,Indonesia,2016,PG,74.741
448,TV Show,Empire Games...,Czech Republic,2018,TV-14,1.159
449,TV Show,LOST SONG...,Japan,2018,TV-14,1.662
450,Movie,Malevolent...,United Kingdom,2018,R,89.87899999999999
451,Movie,Private Life...,United States,2018,R,125.20700000000001
452,Movie,Super Monste...,,2018,G,25.573
453,TV Show,YG Future St...,South Korea,2018,R,1.9869999999999999
454,Movie,A Plastic Oc...,United Kingdom,2016,PG,100.87100000000001
455,Movie,Brother in L...,Turkey,2019,TV-14,111.021
456,Movie,In the Tall ...,Canada,2019,R,102.931
457,Movie,Kids on the ...,Turkey,2019,PG,102.96600000000001
458,TV Show,Raising Dion...,United States,2019,PG,1.489
459,Movie,Super Monste...,United States,2019,G,25.048000000000002
460,Movie,Compulsion...,United Kingdom,2016,R,84.588
461,Movie,The Dreamer...,Indonesia,2009,PG,121.096
462,Movie,The Haunting...,United States,2008,PG-13,85.26899999999999
463,TV Show,Violet Everg...,Japan,2018,PG,1.9240000000000002
464,Movie,LEGO Jurassi...,United States,2016,TV-14,25.195999999999998
465,Movie,Grego Rossel...,Argentina,2019,R,65.264
466,TV Show,Nowhere Man...,Taiwan,2019,R,1.892
467,TV Show,Sleepless So...,,2019,R,1.564
468,Movie,Gun City...,Spain,2018,R,126.256
469,Movie,Heneral Luna...,Philippines,2015,R,118.26899999999999
470,Movie,Judah Friedl...,United States,2017,R,84.887
471,Movie,The B-Side: ...,United States,2016,R,77.029
472,TV Show,Zumbo's Just...,Australia,2016,TV-14,2.141
473,Movie,Kristy...,United States,2013,R,86.103
474,TV Show,"Bring It On,...",South Korea,2016,TV-14,1.617
475,Movie,Mehandi Circ...,India,2019,TV-14,126.93700000000001
476,TV Show,Tomorrow wit...,South Korea,2017,TV-14,1.104
477,TV Show,Tunnel...,,2019,R,1.515
478,Movie,My Brother ....,India,2005,PG,117.055
479,Movie,Shorgul...,India,2016,TV-14,123.083
480,Movie,Siddhant...,India,2014,G,106.029
481,TV Show,The Degenera...,,2018,R,1.6380000000000001
482,Movie,The Jungle S...,Indonesia,2013,PG,90.85
483,Movie,SPF-18...,United States,2017,PG-13,75.737
484,Movie,Forks Over K...,United States,2011,PG,96.22399999999999
485,TV Show,Seis Manos...,United States,2019,R,1.2890000000000001
486,Movie,Benji's Very...,United States,1978,G,25.88
487,Movie,The Black Pr...,United Kingdom,2017,PG-13,121.228
488,Movie,Truth or Dar...,United States,2017,R,88.97200000000001
489,Movie,Cult of Chuc...,United States,2017,R,90.43299999999999
490,Movie,Rodney Carri...,United States,2017,R,66.666
491,Movie,Security...,United States,2017,R,92.586
492,Movie,Arsenio Hall...,United States,2019,R,63.198
493,TV Show,Shine On wit...,United States,2018,TV-14,2.2430000000000003
494,Movie,The Road to ...,United States,2019,TV-14,14.384
495,Movie,Kings...,France,2017,R,87.34
496,Movie,Pup Star...,Canada,2016,G,93.056
497,Movie,A 3 Minute H...,Mexico,2019,PG,29.162
498,Movie,Little Miss ...,United Kingdom,2018,G,20.548000000000002
499,Movie,Equals...,United States,2015,PG-13,102.40700000000001
500,Movie,Pup Star: Be...,Canada,2017,PG,93.42
501,Movie,I Am the Pre...,Canada,2016,TV-14,90.031
502,Movie,Into the Inf...,United Kingdom,2016,PG,107.04899999999999
503,Movie,The African ...,France,2016,PG,94.876
504,Movie,They Are Eve...,France,2016,R,110.28200000000001
505,TV Show,Trailer Park...,Canada,2016,R,1.4409999999999998
506,Movie,West Coast...,France,2016,R,81.251
507,TV Show,"Wait, My You...",,2019,PG,1.04
508,Movie,14 Cameras...,United States,2018,R,89.861
509,Movie,Dragon Tiger...,Hong Kong,2006,R,94.206
510,TV Show,Beyond Stran...,United States,2017,TV-14,1.364
511,Movie,Joan Didion:...,United States,2017,TV-14,98.855
512,Movie,7 años...,Spain,2016,R,77.05199999999999
513,Movie,Manson Famil...,United States,2015,R,85.54899999999999
514,TV Show,A Little Thi...,China,2019,G,1.3259999999999998
515,Movie,The Last Whi...,United States,2019,PG,88.728
516,Movie,Been So Long...,,2018,R,100.084
517,Movie,Dovlatov...,Russia,2018,PG-13,126.62799999999999
518,Movie,Incoming...,Serbia,2019,R,89.928
519,Movie,Jefe...,Spain,2018,R,91.18
520,Movie,Santo Cachón...,Colombia,2018,TV-14,87.734
521,Movie,Shirkers...,United States,2018,TV-14,97.66799999999999
522,TV Show,Terrorism Cl...,United States,2018,R,1.642
523,Movie,W/O Ram...,India,2018,R,115.786
524,Movie,Strange Weat...,United States,2016,R,91.09
525,Movie,A Tale of Lo...,Israel,2015,PG-13,98.68799999999999
526,Movie,Assimilate...,United States,2019,TV-14,95.24
527,TV Show,Brotherhood...,Brazil,2019,R,1.6
528,Movie,Consequences...,Turkey,2014,R,106.919
529,Movie,Dolemite Is ...,United States,2019,R,118.70100000000001
530,TV Show,Drug Squad: ...,Spain,2019,R,2.226
531,Movie,It Takes a L...,United States,2019,R,127.82
532,TV Show,Monzón: A Kn...,Argentina,2018,R,1.974
533,Movie,My Next Gues...,,2019,PG,61.548
534,TV Show,Nailed It! F...,France,2019,TV-14,1.515
535,TV Show,Nailed It! S...,Spain,2019,PG,1.482
536,TV Show,Prank Encoun...,United States,2019,R,1.861
537,Movie,Rattlesnake...,United States,2019,R,87.24700000000001
538,Movie,The Awakenin...,Switzerland,2018,R,95.11
539,TV Show,The Untamed...,China,2019,TV-14,1.9809999999999999
540,TV Show,DreamWorks S...,United States,2009,PG,1.902
541,TV Show,Queens vs. K...,,2018,TV-14,1.7690000000000001
542,Movie,Ronnie Colem...,United States,2018,TV-14,94.223
543,Movie,Meet the Tru...,United Kingdom,2017,TV-14,49.055
544,Movie,The Hateful ...,United States,2015,R,168.30200000000002
545,Movie,Walt Disney ...,United States,2015,G,91.005
546,TV Show,Daybreak...,United States,2019,R,2.069
547,Movie,Echo in the ...,United States,2019,PG-13,83.243
548,Movie,Revenge of t...,Singapore,2019,TV-14,92.124
549,Movie,Baahubali: T...,India,2015,TV-14,138.08
550,TV Show,Bodyguard...,United Kingdom,2018,R,1.054
551,Movie,Jack Whiteha...,United Kingdom,2017,R,69.03
552,TV Show,The Mist...,United States,2017,R,1.8
553,Movie,E-Team...,United States,2014,R,90.006
554,TV Show,DreamWorks S...,,2011,PG,2.075
555,Movie,American Hei...,Canada,2014,R,95.85700000000001
556,TV Show,"Breakfast, L...",United States,2019,R,2.137
557,Movie,Dancing with...,United States,2019,PG,52.313
558,Movie,Master Z: Th...,Hong Kong,2018,R,109.24799999999999
559,Movie,ADAM SANDLER...,United States,2018,R,74.238
560,TV Show,Here to Hear...,China,2018,TV-14,1.181
561,Movie,Scorpion Kin...,United States,2018,PG-13,102.77799999999999
562,Movie,While We're ...,United States,2015,R,97.963
563,Movie,Hunter's Pra...,United States,2015,R,91.76899999999999
564,Movie,I'll See You...,United States,2015,PG-13,97.055
565,Movie,Jenny Slate:...,United States,2019,R,67.225
566,Movie,The Texas Ch...,United States,1974,R,83.12
567,Movie,Tracers...,United States,2015,PG-13,94.304
568,Movie,يوم الدين...,Egypt,2018,TV-14,97.56
569,Movie,God Knows Wh...,United States,2016,PG,104.196
570,Movie,Aashayein...,India,2010,TV-14,116.109
571,Movie,Bhool Bhulai...,India,2007,TV-14,148.696
572,Movie,Humko Deewan...,India,2006,PG,150.002
573,Movie,Kajraare...,India,2010,TV-14,113.654
574,Movie,Karzzzz...,India,2008,TV-14,137.429
575,Movie,Patiala Hous...,India,2011,PG,140.165
576,Movie,Ready...,India,2011,PG,144.78
577,Movie,Results...,United States,2015,R,105.887
578,Movie,Free Fire...,United Kingdom,2016,R,91.557
579,Movie,The Rainbow ...,Indonesia,2008,PG,120.015
580,TV Show,The Liar...,,2013,TV-14,1.761
581,TV Show,Containment...,United States,2016,TV-14,1.9409999999999998
582,Movie,Joe Rogan: T...,United States,2016,R,65.13600000000001
583,Movie,Wyatt Cenac:...,United States,2014,R,68.038
584,Movie,How to Get O...,Peru,2018,R,105.025
585,Movie,The Gospel o...,United Kingdom,2014,TV-14,161.512
586,Movie,1922...,United States,2017,R,103.42
587,Movie,Miss Represe...,United States,2011,R,90.479
588,Movie,One of Us...,United States,2017,TV-14,95.914
589,TV Show,The Day I Me...,United States,2017,R,2.033
590,Movie,Wheelman...,United States,2017,R,82.417
591,TV Show,Border Patro...,,2016,PG,1.0659999999999998
592,TV Show,Botched Up B...,United Kingdom,2013,R,1.597
593,TV Show,Bringing Sex...,,2015,TV-14,1.595
594,TV Show,Court Justic...,Australia,2017,R,1.133
595,TV Show,Diva Brides...,,2017,R,1.063
596,TV Show,Ghost Town G...,United States,2012,TV-14,1.8780000000000001
597,TV Show,Horror Homes...,United Kingdom,2016,TV-14,1.2890000000000001
598,TV Show,Kitten Rescu...,United Kingdom,2017,TV-14,1.492
599,TV Show,License to D...,Canada,2014,PG,1.26
600,TV Show,Living Undoc...,United States,2019,R,1.94
601,Movie,Ready to Min...,Mexico,2019,R,98.105
602,Movie,Salam - The ...,United States,2018,PG,77.07600000000001
603,Movie,Death Race: ...,United States,2017,R,111.40799999999999
604,Movie,Eric ldle's ...,United States,2012,R,81.345
605,Movie,Joe Rogan: S...,,2018,R,64.533
606,TV Show,Monty Python...,United Kingdom,2014,TV-14,2.0380000000000003
607,Movie,Monty Python...,,2008,R,55.223
608,Movie,Monty Python...,United Kingdom,2014,R,137.667
609,Movie,Monty Python...,United Kingdom,2000,TV-14,56.522
610,Movie,Monty Python...,United States,1998,R,58.178999999999995
611,Movie,Monty Python...,United Kingdom,1982,R,80.335
612,Movie,Monty Python...,United Kingdom,2014,R,94.904
613,TV Show,Monty Python...,United Kingdom,2009,R,2.017
614,TV Show,Monty Python...,United Kingdom,1972,TV-14,1.266
615,Movie,Monty Python...,United Kingdom,1979,R,94.14200000000001
616,TV Show,Monty Python...,United States,2005,R,1.589
617,Movie,Parrot Sketc...,United Kingdom,1989,TV-14,73.149
618,Movie,The Meaning ...,United States,2013,R,60.846000000000004
619,Movie,Sleeping wit...,United States,2015,R,101.536
620,Movie,Anjelah John...,United States,2015,TV-14,64.395
621,Movie,Little Singh...,,2019,TV-14,66.373
622,Movie,Men in Black...,United States,1997,PG-13,98.50299999999999
623,Movie,Moms at War...,Nigeria,2018,TV-14,92.23299999999999
624,Movie,The Command...,Belgium,2018,PG-13,118.961
625,TV Show,Accidentally...,United States,2018,TV-14,2.126
626,TV Show,Ask the Doct...,Australia,2017,PG,1.601
627,TV Show,Best.Worst.W...,United States,2018,PG,1.1159999999999999
628,Movie,Club de Cuer...,Mexico,2018,R,51.818000000000005
629,Movie,Derren Brown...,,2018,R,51.172
630,Movie,Gnome Alone...,United Kingdom,2018,PG,86.116
631,Movie,Illang: The ...,South Korea,2018,R,140.775
632,Movie,Naa Bangaaru...,India,2013,R,122.39399999999999
633,Movie,Oddbods: Par...,,2018,G,23.011
634,Movie,S Storm...,Hong Kong,2016,R,96.238
635,Movie,The Gospel o...,United States,2015,TV-14,205.92
636,Movie,The Gospel o...,,2015,TV-14,123.945
637,Movie,The Gospel o...,,2014,TV-14,190.097
638,Movie,The Night Co...,Indonesia,2018,R,121.068
639,TV Show,Wanderlust...,United Kingdom,2018,R,1.8319999999999999
640,Movie,Wedding Unpl...,France,2017,R,95.134
641,Movie,10 Days in S...,South Africa,2017,TV-14,87.943
642,Movie,93 Days...,Nigeria,2016,TV-14,122.04799999999999
643,Movie,Eli...,United States,2019,R,98.76
644,Movie,In My Countr...,,2018,TV-14,99.507
645,TV Show,Interior Des...,United Kingdom,2019,PG,1.2429999999999999
646,TV Show,Living with ...,United States,2019,R,1.994
647,Movie,"Love, Surrea...",Turkey,2017,TV-14,96.22
648,TV Show,Mighty Littl...,India,2019,G,1.085
649,TV Show,MONKART...,,2017,TV-14,1.651
650,Movie,New Money...,Nigeria,2018,TV-14,107.788
651,Movie,Seventeen...,Spain,2019,R,100.523
652,Movie,Tatu...,Nigeria,2017,R,101.255
653,Movie,Tell Me Who ...,United Kingdom,2019,R,86.87799999999999
654,Movie,The Laundrom...,United States,2019,R,96.51100000000001
655,TV Show,Unnatural Se...,United States,2019,R,1.74
656,Movie,Up North...,Nigeria,2018,TV-14,99.39299999999999
657,Movie,Upstarts...,India,2019,TV-14,112.859
658,Movie,Verses of Lo...,Indonesia,2017,TV-14,127.204
659,Movie,Mr. Chandram...,India,2018,R,131.697
660,Movie,El Viaje: Má...,,2016,PG,79.312
661,Movie,The Karate K...,United States,2010,PG,140.339
662,TV Show,THE UNLISTED...,Australia,2019,PG,1.524
663,Movie,My Babysitte...,Canada,2010,PG,80.79
664,Movie,Patton Oswal...,United States,2017,R,66.32300000000001
665,TV Show,Another Miss...,South Korea,2016,TV-14,2.209
666,Movie,Ghosts of Su...,United States,2019,R,22.076999999999998
667,Movie,League of Le...,United States,2019,R,79.1
668,Movie,Park Na-rae:...,South Korea,2019,R,63.26
669,TV Show,Second 20s...,South Korea,2015,TV-14,1.48
670,Movie,Sinister 2...,United States,2015,R,98.101
671,Movie,The Game Cha...,United States,2018,R,87.024
672,Movie,Ron White: I...,United States,2018,R,63.53
673,Movie,Baadshaho...,India,2017,TV-14,135.984
674,Movie,Closed Circu...,United Kingdom,2013,R,96.635
675,TV Show,Footprints i...,United States,2011,TV-14,1.288
676,TV Show,In Laws...,,2016,PG,1.675
677,TV Show,La Femme...,,2016,TV-14,1.327
678,TV Show,Laws of Attr...,,2012,TV-14,1.183
679,Movie,Lucknow Cent...,India,2017,TV-14,145.167
680,Movie,A Family Aff...,Netherlands,2015,PG,111.72200000000001
681,Movie,Anthony Jese...,United States,2015,R,59.716
682,Movie,Beasts of No...,United States,2015,R,137.006
683,Movie,Circle...,United States,2015,R,87.105
684,TV Show,Black Money ...,Turkey,2014,R,1.567
685,Movie,Dark Crimes...,United Kingdom,2016,R,93.098
686,Movie,Homeland...,,2019,PG,73.27
687,TV Show,Magical Ande...,,2019,G,1.547
688,TV Show,Power Ranger...,United States,2019,G,1.493
689,TV Show,Devlok with ...,India,2017,PG,2.167
690,Movie,Meghnadbodh ...,India,2017,TV-14,150.172
691,Movie,Sanju...,India,2018,R,160.01
692,TV Show,Stunt Scienc...,United Kingdom,2018,R,1.568
693,Movie,A Scandall...,India,2016,R,109.141
694,Movie,Aisa Yeh Jah...,India,2015,TV-14,128.077
695,Movie,Ankur Arora ...,India,2013,TV-14,128.236
696,Movie,Belief: The ...,New Zealand,2015,R,90.895
697,Movie,Calendar Gir...,India,2015,TV-14,126.51299999999999
698,Movie,Darra...,India,2016,TV-14,121.95
699,Movie,El Che...,Venezuela,2017,TV-14,119.47399999999999
700,Movie,Gour Hari Da...,India,2015,TV-14,109.681
701,TV Show,Harry & Bunn...,Malaysia,2017,TV-14,1.5430000000000001
702,Movie,Jal...,India,2013,TV-14,133.012
703,Movie,Macchli Jal ...,India,2014,R,119.167
704,Movie,Money...,United States,2016,R,85.245
705,Movie,One Night St...,India,2016,R,93.219
706,Movie,OtherLife...,Australia,2017,R,96.411
707,Movie,Sardaarji 2...,Australia,2016,PG,145.994
708,TV Show,Seven and Me...,France,2017,G,1.761
709,Movie,Singapore...,India,1960,PG,158.33100000000002
710,Movie,Story of an ...,India,2017,PG,132.6
711,Movie,Tamanchey...,India,2014,R,111.354
712,Movie,Teshan...,India,2016,PG,133.126
713,Movie,Ujala...,India,1959,PG,144.22299999999998
714,Movie,Veerappan...,India,2016,TV-14,117.26899999999999
715,Movie,Why Knot...,Canada,2016,R,84.583
716,Movie,A Mighty Tea...,France,2016,TV-14,97.725
717,Movie,Berserk: The...,Japan,2012,R,78.07600000000001
718,Movie,Bleach The M...,Japan,2008,R,94.197
719,Movie,Bleach the M...,Japan,2010,R,94.166
720,Movie,Blind Date...,France,2015,TV-14,91.51700000000001
721,TV Show,DEATH NOTE...,Japan,2006,TV-14,1.2109999999999999
722,Movie,Naruto Shipp...,Japan,2008,TV-14,94.212
723,Movie,Naruto Shipp...,Japan,2007,TV-14,95.525
724,TV Show,Power Ranger...,United States,2016,TV-14,2.2
725,TV Show,Spotless...,United Kingdom,2015,R,1.548
726,Movie,Martin Matte...,Canada,2019,TV-14,62.882
727,Movie,This Is Not ...,China,2017,PG,107.76100000000001
728,Movie,Sky Ladder: ...,United States,2016,R,80.236
729,Movie,Suburra...,Italy,2015,R,135.632
730,TV Show,Russell Pete...,United States,2013,R,1.6059999999999999
731,Movie,Russell Pete...,United States,2013,R,73.03399999999999
732,Movie,Street Flow...,France,2019,R,96.00299999999999
733,TV Show,The Lies Wit...,South Korea,2019,TV-14,1.109
734,Movie,Soorma...,India,2018,TV-14,132.106
735,TV Show,Ajaibnya Cin...,,2015,PG,2.109
736,Movie,Blessed Bene...,Germany,2016,TV-14,83.288
737,Movie,Clair Obscur...,Turkey,2016,R,102.633
738,Movie,El Especial ...,Mexico,2017,R,52.707
739,Movie,Kingdom of U...,United Kingdom,2017,R,110.86200000000001
740,Movie,The Babysitt...,United States,2017,R,85.73700000000001
741,Movie,The Meyerowi...,United States,2017,R,113.59700000000001
742,Movie,Mascots...,United States,2016,R,95.656
743,Movie,Apostle...,United Kingdom,2018,R,130.94899999999998
744,TV Show,Black Heart...,Turkey,2014,TV-14,1.288
745,Movie,Errementari:...,Spain,2018,R,99.984
746,Movie,Feminists: W...,United States,2018,R,86.814
747,TV Show,FIGHTWORLD...,,2018,R,1.643
748,Movie,Kuntilanak...,Indonesia,2018,TV-14,106.085
749,Movie,ReMastered: ...,United States,2018,TV-14,58.023999999999994
750,TV Show,The Curious ...,,2018,PG,2.156
751,TV Show,The Haunting...,United States,2018,R,1.032
752,Movie,The Kinderga...,United States,2018,R,97.04299999999999
753,Movie,Barakah Meet...,Saudi Arabia,2016,TV-14,88.449
754,Movie,Bomb Scared...,Spain,2017,R,89.476
755,Movie,Justin Timbe...,United States,2016,PG,90.82799999999999
756,Movie,Iron Man & C...,United States,2014,PG,71.059
757,Movie,Bygones Be B...,Turkey,2017,R,104.509
758,Movie,El Camino: A...,United States,2019,R,123.37299999999999
759,Movie,Fractured...,United States,2019,R,100.64299999999999
760,Movie,The Bling La...,Nigeria,2019,TV-14,99.23299999999999
761,Movie,The Forest o...,Japan,2019,R,152.119
762,Movie,The Influenc...,Spain,2019,R,102.943
763,Movie,Filosofi Kop...,Indonesia,2015,PG,118.49
764,TV Show,Ordinary Her...,,2018,R,1.145
765,TV Show,Salt Fat Aci...,,2018,PG,1.589
766,Movie,اشتباك...,Egypt,2016,TV-14,98.51299999999999
767,TV Show,Beyblade Bur...,,2018,TV-14,2.106
768,Movie,GEN HOSHINO ...,,2019,PG,154.599
769,TV Show,Ultramarine ...,Japan,2019,TV-14,2.081
770,Movie,22-Jul...,Norway,2018,R,145.235
771,TV Show,Blood Pact...,Brazil,2018,R,1.393
772,Movie,Tales From t...,United States,2018,R,110.545
773,Movie,Christina P:...,United States,2017,R,59.777
774,TV Show,Nature's Gre...,United States,2009,PG,2.197
775,TV Show,The Blue Pla...,United Kingdom,2001,G,1.395
776,Movie,Chelsea Hand...,United States,2014,R,71.236
777,Movie,300 Miles to...,Denmark,1989,TV-14,94.098
778,Movie,A.M.I....,Canada,2019,R,77.688
779,Movie,Along Came a...,United States,2001,R,104.137
780,Movie,Alpha and Om...,United States,2013,G,45.168
781,Movie,Bad Boys...,United States,1995,R,119.26700000000001
782,Movie,Bad Boys II...,United States,2003,R,147.597
783,Movie,Blow...,United States,2001,R,123.639
784,Movie,Candyman...,United States,1992,R,99.355
785,Movie,Charlie's An...,United States,2000,PG-13,99.214
786,Movie,Charlie's An...,United States,2003,PG-13,106.111
787,TV Show,Cheese in th...,South Korea,2016,TV-14,1.268
788,TV Show,Chicago Type...,South Korea,2017,TV-14,1.161
789,TV Show,College Roma...,India,2018,R,1.679
790,Movie,Crash...,United States,2004,R,112.184
791,Movie,Dumb and Dum...,United States,2003,PG-13,86.155
792,Movie,Earth to Ech...,United States,2014,PG,91.427
793,TV Show,Engineering ...,India,2018,TV-14,1.83
794,Movie,Escape from ...,Poland,1990,R,88.36399999999999
795,Movie,Exit Wounds...,United States,2001,R,102.059
796,Movie,First Kiss...,Netherlands,2018,PG,91.04899999999999
797,TV Show,Girls Hostel...,India,2018,R,2.171
798,Movie,Good Burger...,United States,1997,PG,96.725
799,Movie,Good Luck Ch...,United States,2007,UNRATED,99.273
800,Movie,Harold & Kum...,United States,2008,R,102.162
801,Movie,Honey 2...,United States,2011,PG-13,111.78399999999999
802,Movie,Hotel Pacifi...,Poland,1975,R,96.477
803,Movie,House of the...,United States,2017,TV-14,86.568
804,TV Show,Inmates...,India,2017,R,1.439
805,Movie,Jealousy and...,Poland,1973,R,98.115
806,Movie,Knowing...,United States,2009,PG-13,121.39200000000001
807,Movie,Limitless...,India,2017,PG,59.881
808,Movie,Little Baby ...,,2019,G,58.541000000000004
809,Movie,Medium...,Poland,1985,R,91.179
810,Movie,Men in Black...,United States,2002,PG-13,89.19200000000001
811,TV Show,Miniforce X...,South Korea,2018,G,1.09
812,Movie,Nikki Glaser...,United States,2019,R,64.508
813,Movie,No Reservati...,United States,2007,PG,104.223
814,Movie,Ocean's Thir...,United States,2007,PG-13,123.23100000000001
815,Movie,Ocean's Twel...,United States,2004,PG-13,125.95299999999999
816,Movie,One Directio...,United States,2013,PG,92.41
817,Movie,Raging Bull...,United States,1980,R,129.067
818,Movie,Rugrats in P...,Germany,2000,G,79.525
819,Movie,Scream 2...,United States,1997,R,122.206
820,Movie,Senna...,United Kingdom,2010,PG-13,107.243
821,TV Show,Signal...,South Korea,2016,TV-14,1.49
822,Movie,Sin City...,United States,2005,R,125.037
823,Movie,Sinister Cir...,Peru,2017,R,87.48899999999999
824,Movie,Supergirl...,United Kingdom,1984,PG,126.07
825,Movie,Superman Ret...,United States,2006,PG-13,154.675
826,Movie,Surf's Up...,United States,2007,PG,87.02799999999999
827,Movie,The Bounty H...,United States,2010,PG-13,111.93
828,Movie,The Bucket L...,United States,2007,PG-13,98.198
829,Movie,The Cruise...,Poland,1970,PG,66.446
830,Movie,The Figurine...,Nigeria,2009,TV-14,121.95299999999999
831,Movie,The Flintsto...,United States,1994,PG,91.434
832,Movie,The Flintsto...,United States,2000,PG,91.039
833,TV Show,The K2...,South Korea,2016,TV-14,1.026
834,TV Show,The Liar and...,South Korea,2017,PG,1.1540000000000001
835,Movie,The lynx...,Poland,1982,TV-14,83.244
836,Movie,The Pursuit ...,United States,2006,PG-13,117.829
837,Movie,The Rugrats ...,United States,1998,G,81.31
838,Movie,The spiral...,Poland,1978,R,84.196
839,Movie,The Squid an...,United States,2005,R,82.19
840,Movie,The Time Tra...,United States,2009,PG-13,107.17399999999999
841,Movie,Trainspottin...,United Kingdom,1996,R,94.21799999999999
842,Movie,Troy...,United States,2004,R,163.613
843,TV Show,Tunnel...,South Korea,2017,R,1.7
844,Movie,Unaccompanie...,United States,2006,PG,91.244
845,Movie,Walking Out...,United States,2017,PG-13,96.18799999999999
846,Movie,Weather fore...,Poland,1983,R,91.02799999999999
847,Movie,Westerplatte...,Poland,1967,R,93.91799999999999
848,Movie,25 Kille...,India,2016,PG,140.274
849,Movie,A Witches' B...,Canada,2017,PG,92.09
850,Movie,Agyaat...,India,2009,R,97.366
851,Movie,Anjaan...,India,2014,R,146.238
852,Movie,Bathinda Exp...,India,2016,TV-14,118.035
853,Movie,Brooklyn's F...,United States,2009,R,133.04
854,Movie,Chappaquiddi...,United States,2017,PG-13,106.866
855,TV Show,Civilization...,United Kingdom,2018,TV-14,1.288
856,Movie,Delhi 6...,India,2009,TV-14,129.116
857,Movie,Dev.D...,India,2009,R,137.93
858,Movie,Dil Vil Pyaa...,India,2014,PG,145.534
859,Movie,Dushman...,,2017,TV-14,141.155
860,TV Show,Earth's Natu...,,2018,TV-14,1.646
861,Movie,Ek Main Aur ...,India,2012,TV-14,107.103
862,Movie,Fishtail...,United States,2015,R,61.273
863,Movie,Freedom at M...,,2018,R,135.998
864,Movie,Haani...,India,2013,TV-14,137.14700000000002
865,Movie,Happy Go Luc...,India,2014,TV-14,129.305
866,Movie,Harishchandr...,India,2009,PG,99.113
867,TV Show,Hot Date...,United States,2018,R,1.52
868,Movie,Jagga Jasoos...,India,2017,TV-14,155.891
869,Movie,Jatt James B...,India,2014,TV-14,143.05200000000002
870,Movie,Jodhaa Akbar...,India,2008,TV-14,214.565
871,Movie,Judge Singh ...,India,2015,TV-14,137.377
872,Movie,Kaminey...,India,2009,R,129.001
873,Movie,Kevin Hart: ...,United States,2011,R,90.24
874,Movie,Kevin Hart: ...,United States,2010,R,68.057
875,Movie,Khido Khundi...,India,2018,TV-14,151.391
876,Movie,Khoobsurat...,India,2014,TV-14,121.42399999999999
877,TV Show,Kingdoms of ...,,2018,PG,1.9080000000000001
878,Movie,Kisaan...,India,2009,TV-14,101.005
879,Movie,Kismat Konne...,India,2008,PG,145.284
880,Movie,Kurbaan...,India,2009,R,147.083
881,Movie,Lock...,India,2016,TV-14,90.34200000000001
882,Movie,Luv Shuv Tey...,India,2012,TV-14,129.417
883,Movie,"Main, Meri P...",India,2005,TV-14,129.741
884,Movie,Manje Bistre...,India,2017,PG,136.72899999999998
885,Movie,Motor Mitraa...,India,2016,TV-14,117.65299999999999
886,Movie,Mountain...,Australia,2017,PG,74.122
887,Movie,Mugamoodi...,India,2012,TV-14,150.638
888,Movie,Muran...,India,2011,TV-14,134.898
889,Movie,My Friend Pi...,India,2011,PG,100.774
890,Movie,My Little Po...,United States,2018,TV-14,44.0
891,Movie,My Little Po...,United States,2018,TV-14,44.156000000000006
892,Movie,My Suicide...,United States,2009,R,111.411
893,Movie,Naan Sigappu...,India,2014,R,148.125
894,Movie,Nasha...,India,2013,R,115.34
895,TV Show,Nature: Anim...,United Kingdom,2018,PG,1.64
896,Movie,Naughty Jatt...,India,2013,PG,121.884
897,Movie,Needhi Singh...,India,2016,R,104.197
898,Movie,Peace Haven...,India,2016,TV-14,73.69800000000001
899,Movie,Phantom...,India,2015,TV-14,129.895
900,Movie,Pizza...,India,2014,TV-14,103.23100000000001
901,Movie,Pooja Kiven ...,India,2013,PG,123.007
902,Movie,Race...,India,2008,TV-14,155.718
903,Movie,Race 2...,India,2013,TV-14,139.30100000000002
904,Movie,Saadey CM Sa...,India,2015,TV-14,131.313
905,Movie,Sat Shri Aka...,India,2017,TV-14,127.484
906,TV Show,Strong...,United States,2016,PG,1.382
907,Movie,Thaandavam...,India,2012,TV-14,156.487
908,Movie,The Birth Re...,,2018,R,91.027
909,Movie,Theeya Velai...,India,2013,PG,132.497
910,TV Show,Three Wives ...,United Kingdom,2018,PG,1.3090000000000002
911,Movie,Tiger...,India,2016,R,130.6
912,Movie,Udaan...,India,2010,R,138.02200000000002
913,Movie,V for Vendet...,United States,2005,R,133.09
914,Movie,Vettai...,India,2012,R,157.215
915,Movie,Wake Up Sid...,India,2009,TV-14,132.266
916,Movie,We Are Famil...,India,2010,PG,119.594
917,Movie,What the Jat...,India,2015,TV-14,140.82399999999998
918,Movie,Zack and Mir...,United States,2008,R,101.969
919,Movie,Zindagi Kitn...,Pakistan,2016,TV-14,126.611
920,Movie,26 Years...,South Korea,2012,R,135.642
921,Movie,April and th...,France,2015,PG,107.045
922,Movie,Barbie & Her...,United States,2013,G,74.869
923,Movie,Barbie in A ...,United States,2010,G,75.192
924,Movie,Barbie in Pr...,United States,2015,G,75.214
925,Movie,Barbie in Ro...,United States,2015,G,84.083
926,Movie,Barbie Star ...,United States,2016,G,80.082
927,Movie,Barbie: A Fa...,United States,2010,TV-14,72.931
928,Movie,Barbie: Prin...,United States,2011,G,81.12899999999999
929,Movie,Barbie: Spy ...,United States,2016,G,75.208
930,Movie,Barbie: The ...,United States,2012,G,76.058
931,Movie,Barbie: Vide...,United States,2017,G,72.604
932,TV Show,Beyblade Bur...,Japan,2016,TV-14,1.589
933,Movie,Boy and the ...,Brazil,2013,PG,80.612
934,TV Show,City in the ...,United Kingdom,2016,PG,2.117
935,TV Show,Equestria Gi...,United States,2017,G,1.036
936,TV Show,Food: Delici...,,2017,PG,1.499
937,Movie,For Your Own...,Spain,2017,R,93.495
938,Movie,Franca: Chao...,United States,2016,R,79.514
939,Movie,Frances Ha...,United States,2012,R,86.273
940,Movie,Generation I...,United States,2017,PG-13,107.404
941,Movie,Ghost Patrol...,Canada,2016,G,47.622
942,TV Show,Great Yellow...,United Kingdom,2017,PG,1.525
943,Movie,I Am Bolt...,United Kingdom,2016,PG,107.056
944,Movie,I'm in Love ...,United States,2013,PG,119.419
945,Movie,Ice Guardian...,Canada,2016,R,108.351
946,TV Show,Justice in t...,,2012,TV-14,1.02
947,Movie,Kahlil Gibra...,United States,2014,PG,85.041
948,Movie,Miss Hokusai...,Japan,2015,PG-13,90.936
949,Movie,Monster High...,United States,2016,TV-14,72.921
950,Movie,Monster High...,United States,2010,TV-14,23.794
951,Movie,My Life as a...,Switzerland,2016,PG-13,69.105
952,TV Show,Nature's Gre...,United Kingdom,2016,PG,1.4809999999999999
953,Movie,Phantom Boy...,France,2015,PG,85.64299999999999
954,TV Show,PJ Masks...,France,2016,G,1.4680000000000002
955,TV Show,Sudden...,,2013,TV-14,2.165
956,TV Show,The Code...,Australia,2014,R,1.6469999999999998
957,TV Show,The Dream Ca...,,2009,TV-14,1.405
958,Movie,The Free Man...,New Zealand,2016,PG,84.589
959,Movie,The Lion Wom...,Norway,2016,PG,119.2
960,Movie,The Presiden...,South Korea,2004,R,116.333
961,Movie,Tokyo Idols...,United Kingdom,2017,TV-14,89.04299999999999
962,Movie,Verónica...,Mexico,2017,R,81.343
963,Movie,Welcome to M...,United States,2016,TV-14,73.13
964,TV Show,What She Put...,Taiwan,2017,PG,2.181
965,Movie,Wrong Side R...,India,2016,R,140.596
966,TV Show,Be with Me...,Taiwan,2015,TV-14,1.9569999999999999
967,TV Show,Be with You...,Taiwan,2015,TV-14,1.153
968,Movie,Bombshell...,,2016,R,86.236
969,Movie,Chatô: The K...,Brazil,2015,R,105.274
970,TV Show,Chewin' the ...,United Kingdom,1999,TV-14,1.5659999999999998
971,TV Show,Fall in Love...,Taiwan,2014,TV-14,2.057
972,Movie,Harud...,India,2010,TV-14,100.738
973,TV Show,Love Cheque ...,Taiwan,2014,TV-14,1.2329999999999999
974,TV Show,Masha's Spoo...,United States,2012,G,2.0909999999999997
975,Movie,Much Ado Abo...,Chile,2016,R,96.927
976,TV Show,Murphy's Law...,Taiwan,2015,TV-14,1.2109999999999999
977,Movie,My Big Night...,Spain,2015,R,98.199
978,Movie,My Little Po...,United States,2016,TV-14,73.571
979,TV Show,Old Money...,United States,2015,TV-14,1.726
980,Movie,Pac's Scary ...,,2016,TV-14,44.306999999999995
981,Movie,Riphagen - T...,Netherlands,2016,R,132.769
982,TV Show,Robotech...,United States,1985,R,1.943
983,TV Show,Someone Like...,Taiwan,2015,TV-14,1.493
984,Movie,Umrika...,India,2015,TV-14,96.096
985,Movie,Unchained: T...,United States,2016,R,92.36399999999999
986,Movie,Welcome Mr. ...,Italy,2013,TV-14,100.189
987,TV Show,When I See Y...,Taiwan,2015,TV-14,1.3880000000000001
988,TV Show,Wakfu: The Q...,France,2014,G,1.5659999999999998
989,Movie,A Stoning in...,United States,1988,R,95.18799999999999
990,Movie,Adam: His So...,United States,1986,R,96.70299999999999
991,Movie,Hard Lessons...,United States,1986,R,94.976
992,Movie,In Defense o...,United States,1990,R,95.05799999999999
993,Movie,Quiet Victor...,United States,1988,PG,93.24700000000001
994,Movie,Strange Voic...,United States,1987,R,96.94200000000001
995,Movie,The Ryan Whi...,United States,1989,PG,94.473
996,Movie,Too Young th...,United States,1988,R,94.147
997,Movie,Triumph of t...,United States,1991,PG,93.619
998,Movie,Unspeakable ...,United States,1990,R,95.82